user_id,Hit@5,Precision@5,Recall@5,NDCG@5,InDataset@5
571,0,0.0,0.0,0.0,0.8
491,0,0.0,0.0,0.0,0.6
386,1,0.4,0.14285714285714285,0.48522855511632257,1.0
582,0,0.0,0.0,0.0,1.0
554,0,0.0,0.0,0.0,0.8
31,1,0.2,0.1,0.3391602052736161,1.0
34,0,0.0,0.0,0.0,0.8
90,0,0.0,0.0,0.0,0.8
264,1,0.2,0.08333333333333333,0.16958010263680806,1.0
223,1,0.2,0.06666666666666667,0.21398626473452756,1.0
